{"900.69": [-0.047192264158910105, 1.2255706978158971], "902.305": [-0.03706894793598357, 1.1825869764609418], "903.919": [-0.0296807972683471, 1.1526007556921214], "905.534": [-0.02538749886735107, 1.1345271275493545], "907.149": [-0.02116852220184769, 1.1187768377328156], "908.763": [-0.01707593154979108, 1.1013388243020767], "910.378": [-0.015160336590205497, 1.0937551370182537], "911.992": [-0.014145077525786778, 1.0918373780080635], "913.607": [-0.013301067144089919, 1.0866498834181575], "915.222": [-0.011934107741164102, 1.0827200658182092], "916.836": [-0.011648073150854673, 1.0808414784607014], "918.451": [-0.011348680275655592, 1.0794861400452964], "920.065": [-0.011208742590142429, 1.0779219862515428], "921.68": [-0.010619948463187758, 1.076477519952214], "923.295": [-0.010498696468920337, 1.075578397026273], "924.909": [-0.01002601559863881, 1.0739655969000046], "926.524": [-0.00967935127267764, 1.073435340035477], "928.139": [-0.00926942539633448, 1.0712728851201996], "929.753": [-0.008739747582532311, 1.0695415548696467], "931.368": [-0.008140610451550814, 1.0676744495770094], "932.982": [-0.007887247934717352, 1.0655183080092216], "934.597": [-0.007651769683577456, 1.065162417733168], "936.212": [-0.0073699765222668715, 1.0630943158996966], "937.826": [-0.006810318406034643, 1.061426326028674], "939.441": [-0.006648095385834485, 1.0602362028419094], "941.056": [-0.00663671783185638, 1.0584975697122185], "942.67": [-0.006359740927620742, 1.0578559617689212], "944.285": [-0.006343274987077366, 1.0564409925548326], "945.899": [-0.0062783761247197966, 1.0563223484081943], "947.514": [-0.0060592945663402184, 1.0547596640768668], "949.129": [-0.005890064904022914, 1.0551540823522492], "950.743": [-0.00606769553796741, 1.053199483041036], "952.358": [-0.006059648386762374, 1.0527258551626681], "953.973": [-0.005968860372857363, 1.0524507338165459], "955.587": [-0.0058282906041757015, 1.0525515810862196], "957.202": [-0.005629662953080148, 1.0508900981985143], "958.816": [-0.005616307628733915, 1.049906412161376], "960.431": [-0.005382550996294618, 1.0485000998270038], "962.046": [-0.005350882686706384, 1.048707437583581], "963.66": [-0.005154398545629739, 1.0479681153124685], "965.275": [-0.005303704846529145, 1.0472111241980884], "966.889": [-0.0053363907346958275, 1.048081018599894], "968.504": [-0.0055593303078672295, 1.048081885314797], "970.119": [-0.0057219617302260205, 1.0490978249870913], "971.733": [-0.0059620011686654815, 1.0492703152935898], "973.348": [-0.006011329542670321, 1.0483573025336257], "974.963": [-0.005823622460848768, 1.0474141600591869], "976.577": [-0.005846208313717497, 1.0474844761665958], "978.192": [-0.005558135702593603, 1.0462086307957916], "979.806": [-0.005499479376352204, 1.0459517793478488], "981.421": [-0.005478970116693427, 1.0445311381276374], "983.036": [-0.004937614413730405, 1.0421980118788798], "984.65": [-0.00497228843209999, 1.0410800177151516], "986.265": [-0.005681676908932955, 1.0418860468184115], "987.88": [-0.004962675245713214, 1.040117802979789], "989.494": [-0.005538039824061149, 1.040912185008731], "991.109": [-0.004778109652725204, 1.0412640989459165], "992.723": [-0.004997697445522521, 1.0421143528143464], "994.338": [-0.005022511035748321, 1.0418430408138832], "995.953": [-0.004906235400121344, 1.040550606620927], "997.567": [-0.004000992722580299, 1.03906481243936], "999.182": [-0.003939105925887113, 1.038476653538959]}